timestamp,rank,name,symbol,price,change_24h,market_cap,volume_24h
2026-10-01 21:02:21,1,Bitcoin,BTC,84122.0,0.28,,1690000000000.0
2026-10-01 21:02:21,2,Ethereum,ETH,2688.91,0.54,,328310000000.0
2026-10-01 21:02:21,3,Tether,USDT,0.9996,0.02,,183790000000.0
2026-10-01 21:02:21,4,Binance Coin,BNB,767.26,0.14,,102170000000.0
2026-10-01 21:02:21,5,XRP,XRP,1.49,-0.47,,93930000000.0
2026-10-01 21:02:21,6,USD Coin,USDC,1.0,0.01,,74160000000.0
2026-10-01 21:02:21,7,Solana,SOL,117.71,-0.76,,69220000000.0
2026-10-01 21:02:21,8,TRON,TRX,0.3339,-1.42,,31690000000.0
2026-10-01 21:02:21,9,Zcash,ZEC,1381.08,-2.43,,23330000000.0
2026-10-01 21:02:21,10,Hyperliquid,HYPE,88.39,3.73,,22190000000.0
2026-10-01 21:08:17,1,Bitcoin,BTC,84121.0,0.28,,1690000000000.0
2026-10-01 21:08:17,2,Ethereum,ETH,2689.1,0.54,,328330000000.0
2026-10-01 21:08:17,3,Tether,USDT,0.9996,0.03,,183800000000.0
2026-10-01 21:08:17,4,Binance Coin,BNB,767.44,0.16,,102190000000.0
2026-10-01 21:08:17,5,XRP,XRP,1.49,-0.45,,93960000000.0
2026-10-01 21:08:17,6,USD Coin,USDC,0.9999,0.0,,74150000000.0
2026-10-01 21:08:17,7,Solana,SOL,117.71,-0.76,,69210000000.0
2026-10-01 21:08:17,8,TRON,TRX,0.3338,-1.43,,31680000000.0
2026-10-01 21:08:17,9,Zcash,ZEC,1380.27,-2.49,,23320000000.0
2026-10-01 21:08:17,10,Hyperliquid,HYPE,88.34,3.68,,22180000000.0
2026-10-01 21:10:22,1,Bitcoin,BTC,83847.0,-0.46,1680000000000.0,35550000000.0
2026-10-01 21:10:22,2,Ethereum,ETH,2674.51,-0.4,326550000000.0,30130000000.0
2026-10-01 21:10:22,3,Tether,USDT,0.9996,0.03,183790000000.0,140020000000.0
2026-10-01 21:10:22,4,Binance Coin,BNB,765.17,-0.44,101890000000.0,1690000000.0
2026-10-01 21:10:22,5,XRP,XRP,1.48,-1.5,93410000000.0,3330000000.0
2026-10-01 21:10:22,6,USD Coin,USDC,0.9999,0.0,74150000000.0,25380000000.0
2026-10-01 21:10:22,7,Solana,SOL,117.21,-1.61,68920000000.0,6460000000.0
2026-10-01 21:10:22,8,TRON,TRX,0.3339,-1.47,31690000000.0,603590000.0
2026-10-01 21:10:22,9,Zcash,ZEC,1371.72,-4.21,23180000000.0,3260000000.0
2026-10-01 21:10:22,10,Hyperliquid,HYPE,87.96,2.0,22080000000.0,2200000000.0
2026-10-01 21:31:14,1,Bitcoin,BTC,84156.0,-0.15,1690000000000.0,46370000000.0
2026-10-01 21:31:14,2,Ethereum,ETH,2681.4,-0.13,327390000000.0,22640000000.0
2026-10-01 21:31:14,3,Tether,USDT,0.9996,0.01,183800000000.0,143380000000.0
2026-10-01 21:31:14,4,Binance Coin,BNB,765.93,-0.44,101990000000.0,1720000000.0
2026-10-01 21:31:14,5,XRP,XRP,1.49,-1.4,93810000000.0,3370000000.0
2026-10-01 21:31:14,6,USD Coin,USDC,0.9999,-0.01,74150000000.0,25330000000.0
2026-10-01 21:31:14,7,Solana,SOL,117.5,-1.69,69090000000.0,6260000000.0
2026-10-01 21:31:14,8,TRON,TRX,0.3341,-1.4,31710000000.0,604350000.0
2026-10-01 21:31:14,9,Zcash,ZEC,1376.49,-4.77,23260000000.0,3220000000.0
2026-10-01 21:31:14,10,Hyperliquid,HYPE,87.45,-0.24,21950000000.0,2140000000.0000002
2026-10-01 21:34:29,1,Bitcoin,BTC,84248.0,-0.04,1690000000000.0,35820000000.0
2026-10-01 21:34:29,2,Ethereum,ETH,2685.0,0.01,327830000000.0,22660000000.0
2026-10-01 21:34:29,3,Tether,USDT,0.9996,0.01,183800000000.0,133020000000.00002
2026-10-01 21:34:29,4,Binance Coin,BNB,766.81,-0.33,102110000000.0,1720000000.0
2026-10-01 21:34:29,5,XRP,XRP,1.49,-1.3,93900000000.0,3370000000.0
2026-10-01 21:34:29,6,USD Coin,USDC,0.9999,-0.01,74150000000.0,25300000000.0
2026-10-01 21:34:29,7,Solana,SOL,117.69,-1.53,69200000000.0,6260000000.0
2026-10-01 21:34:29,8,TRON,TRX,0.3343,-1.37,31720000000.0,606520000.0
2026-10-01 21:34:29,9,Zcash,ZEC,1383.38,-4.29,23370000000.0,3220000000.0
2026-10-01 21:34:29,10,Hyperliquid,HYPE,87.71,0.06,22020000000.0,2150000000.0
2026-10-01 21:37:12,1,Bitcoin,BTC,84232.0,-0.06,1690000000000.0,35840000000.0
2026-10-01 21:37:12,2,Ethereum,ETH,2684.88,0.0,327810000000.0,30710000000.0
2026-10-01 21:37:12,3,Tether,USDT,0.9996,0.01,183800000000.0,141060000000.0
2026-10-01 21:37:12,4,Binance Coin,BNB,766.92,-0.31,102120000000.0,1720000000.0
2026-10-01 21:37:12,5,XRP,XRP,1.49,-1.28,93920000000.0,3370000000.0
2026-10-01 21:37:12,6,USD Coin,USDC,1.0,0.0,74160000000.0,25290000000.0
2026-10-01 21:37:12,7,Solana,SOL,117.66,-1.55,69190000000.0,6270000000.0
2026-10-01 21:37:12,8,TRON,TRX,0.3342,-1.4,31710000000.0,605010000.0
2026-10-01 21:37:12,9,Zcash,ZEC,1382.76,-4.33,23360000000.0,3220000000.0
2026-10-01 21:37:12,10,Hyperliquid,HYPE,87.77,0.12,22030000000.0,2150000000.0
2026-10-01 21:42:47,1,Bitcoin,BTC,84266.0,-0.12,1690000000000.0,35770000000.0
2026-10-01 21:42:47,2,Ethereum,ETH,2686.87,0.01,328060000000.0,30800000000.0
2026-10-01 21:42:47,3,Tether,USDT,0.9996,0.02,183790000000.0,141040000000.0
2026-10-01 21:42:47,4,Binance Coin,BNB,766.85,-0.34,102110000000.0,1720000000.0
2026-10-01 21:42:47,5,XRP,XRP,1.49,-1.55,93930000000.0,3360000000.0
2026-10-01 21:42:47,6,USD Coin,USDC,1.0,0.01,74160000000.0,25280000000.0
2026-10-01 21:42:47,7,Solana,SOL,117.72,-1.61,69220000000.0,6270000000.0
2026-10-01 21:42:47,8,TRON,TRX,0.3343,-1.25,31730000000.0,606400000.0
2026-10-01 21:42:47,9,Zcash,ZEC,1383.87,-4.77,23380000000.0,3220000000.0
2026-10-01 21:42:47,10,Hyperliquid,HYPE,87.68,-0.28,22010000000.0,2150000000.0
2026-10-01 21:42:56,1,Bitcoin,BTC,84266.0,-0.12,1690000000000.0,35770000000.0
2026-10-01 21:42:56,2,Ethereum,ETH,2686.87,0.01,328060000000.0,30800000000.0
2026-10-01 21:42:56,3,Tether,USDT,0.9996,0.02,183790000000.0,141040000000.0
2026-10-01 21:42:56,4,Binance Coin,BNB,766.85,-0.34,102110000000.0,1720000000.0
2026-10-01 21:42:56,5,XRP,XRP,1.49,-1.55,93930000000.0,3360000000.0
2026-10-01 21:42:56,6,USD Coin,USDC,1.0,0.01,74160000000.0,25280000000.0
2026-10-01 21:42:56,7,Solana,SOL,117.72,-1.61,69220000000.0,6270000000.0
2026-10-01 21:42:56,8,TRON,TRX,0.3343,-1.25,31730000000.0,606400000.0
2026-10-01 21:42:56,9,Zcash,ZEC,1383.87,-4.77,23380000000.0,3220000000.0
2026-10-01 21:42:56,10,Hyperliquid,HYPE,87.68,-0.28,22010000000.0,2150000000.0
2026-10-01 22:48:47,1,Bitcoin,BTC,84412.0,0.09,1700000000000.0,47580000000.0
2026-10-01 22:48:47,2,Ethereum,ETH,2687.14,-0.18,328090000000.0,31650000000.0
2026-10-01 22:48:47,3,Tether,USDT,0.9995,0.01,183780000000.0,154090000000.0
2026-10-01 22:48:47,4,Binance Coin,BNB,768.74,-0.14,102360000000.0,1770000000.0
2026-10-01 22:48:47,5,XRP,XRP,1.49,-1.43,93910000000.0,3410000000.0
2026-10-01 22:48:47,6,USD Coin,USDC,1.0,0.0,74160000000.0,25690000000.0
2026-10-01 22:48:47,7,Solana,SOL,117.67,-2.19,69190000000.0,6250000000.0
2026-10-01 22:48:47,8,TRON,TRX,0.3349,-0.99,31780000000.0,617830000.0
2026-10-01 22:48:47,9,Zcash,ZEC,1347.81,-8.06,22770000000.0,3330000000.0
2026-10-01 22:48:47,10,Hyperliquid,HYPE,87.33,-4.3,21920000000.0,1930000000.0
2026-10-01 22:51:23,1,Bitcoin,BTC,84412.0,0.09,1700000000000.0,47580000000.0
2026-10-01 22:51:23,2,Ethereum,ETH,2687.14,-0.18,328090000000.0,31650000000.0
2026-10-01 22:51:23,3,Tether,USDT,0.9995,0.01,183780000000.0,154090000000.0
2026-10-01 22:51:23,4,Binance Coin,BNB,768.74,-0.14,102360000000.0,1770000000.0
2026-10-01 22:51:23,5,XRP,XRP,1.49,-1.43,93910000000.0,3410000000.0
2026-10-01 22:51:23,6,USD Coin,USDC,1.0,0.0,74160000000.0,25690000000.0
2026-10-01 22:51:23,7,Solana,SOL,117.67,-2.19,69190000000.0,6250000000.0
2026-10-01 22:51:23,8,TRON,TRX,0.3349,-0.99,31780000000.0,617830000.0
2026-10-01 22:51:23,9,Zcash,ZEC,1347.81,-8.06,22770000000.0,3330000000.0
2026-10-01 22:51:23,10,Hyperliquid,HYPE,87.33,-4.3,21920000000.0,1930000000.0
2026-10-01 22:57:00,1,Bitcoin,BTC,84735.0,0.72,1700000000000.0,37170000000.0
2026-10-01 22:57:00,2,Ethereum,ETH,2698.2,0.52,329440000000.0,23660000000.0
2026-10-01 22:57:00,3,Tether,USDT,0.9995,0.0,183780000000.0,136020000000.00002
2026-10-01 22:57:00,4,Binance Coin,BNB,770.9,0.23,102650000000.0,1800000000.0
2026-10-01 22:57:00,5,XRP,XRP,1.5,-0.49,94510000000.0,3470000000.0
2026-10-01 22:57:00,6,USD Coin,USDC,1.0,0.0,74160000000.0,26060000000.0
2026-10-01 22:57:00,7,Solana,SOL,118.3,-1.19,69560000000.0,6220000000.0
2026-10-01 22:57:00,8,TRON,TRX,0.3349,-1.03,31780000000.0,617000000.0
2026-10-01 22:57:00,9,Zcash,ZEC,1358.92,-6.85,22960000000.0,3370000000.0
2026-10-01 22:57:00,10,Hyperliquid,HYPE,87.89,-2.61,22060000000.0,1910000000.0
2026-10-01 23:03:06,1,Bitcoin,BTC,84882.0,0.79,1710000000000.0,48630000000.0
2026-10-01 23:03:06,2,Ethereum,ETH,2703.96,0.69,330140000000.0,23840000000.0
2026-10-01 23:03:06,3,Tether,USDT,0.9995,0.0,183780000000.0,148070000000.0
2026-10-01 23:03:06,4,Binance Coin,BNB,773.08,0.54,102940000000.0,1820000000.0
2026-10-01 23:03:06,5,XRP,XRP,1.5,-0.38,94610000000.0,3490000000.0
2026-10-01 23:03:06,6,USD Coin,USDC,1.0,0.01,74160000000.0,26200000000.0
2026-10-01 23:03:06,7,Solana,SOL,118.47,-1.08,69660000000.0,6240000000.0
2026-10-01 23:03:06,8,TRON,TRX,0.3351,-0.92,31800000000.0,619190000.0
2026-10-01 23:03:06,9,Zcash,ZEC,1359.41,-6.72,22970000000.0,3360000000.0
2026-10-01 23:03:06,10,Hyperliquid,HYPE,88.1,-2.02,22120000000.0,1910000000.0
2026-10-02 19:35:29,1,Bitcoin,BTC,86664.0,3.55,1740000000000.0,65590000000.0
2026-10-02 19:35:29,2,Ethereum,ETH,2746.63,2.26,335360000000.0,27720000000.0
2026-10-02 19:35:29,3,Tether,USDT,0.9999,0.02,184030000000.0,164290000000.0
2026-10-02 19:35:29,4,Binance Coin,BNB,780.83,1.39,103970000000.0,2049999999.9999998
2026-10-02 19:35:29,5,XRP,XRP,1.53,3.07,96700000000.0,4610000000.0
2026-10-02 19:35:29,6,USD Coin,USDC,0.9999,0.0,73990000000.0,30370000000.0
2026-10-02 19:35:29,7,Solana,SOL,122.11,3.47,71810000000.0,8600000000.0
2026-10-02 19:35:29,8,TRON,TRX,0.3349,0.5,31780000000.0,502510000.0
2026-10-02 19:35:29,9,Zcash,ZEC,1381.77,-0.95,23350000000.0,4370000000.0
2026-10-02 19:35:29,10,Hyperliquid,HYPE,90.48,1.43,22710000000.0,1700000000.0
2026-10-02 19:33:10,1,Bitcoin,BTC,86664.0,3.55,1740000000000.0,65590000000.0
2026-10-02 19:33:10,2,Ethereum,ETH,2746.63,2.26,335360000000.0,27720000000.0
2026-10-02 19:33:10,3,Tether,USDT,0.9999,0.02,184030000000.0,164290000000.0
2026-10-02 19:33:10,4,Binance Coin,BNB,780.83,1.39,103970000000.0,2049999999.9999998
2026-10-02 19:33:10,5,XRP,XRP,1.53,3.07,96700000000.0,4610000000.0
2026-10-02 19:33:10,6,USD Coin,USDC,0.9999,0.0,73990000000.0,30370000000.0
2026-10-02 19:33:10,7,Solana,SOL,122.11,3.47,71810000000.0,8600000000.0
2026-10-02 19:33:10,8,TRON,TRX,0.3349,0.5,31780000000.0,502510000.0
2026-10-02 19:33:10,9,Zcash,ZEC,1381.77,-0.95,23350000000.0,4370000000.0
2026-10-02 19:33:10,10,Hyperliquid,HYPE,90.48,1.43,22710000000.0,1700000000.0
